[
  {
    "id": "h001",
    "name": "St. Care 1",
    "address": "7 Main Rd, Sector 2, Tumkur",
    "city": "Tumkur",
    "phone": "+91-80-1001-2001",
    "emergencyPhone": "+91-80-9001",
    "website": "https://www.examplehospital1.org",
    "specialties": [
      "General Medicine",
      "Pediatrics"
    ],
    "timings": "Mon-Sat 9:00 - 18:00",
    "beds": 286,
    "rating": 3.5,
    "latitude": 13.142564818099675,
    "longitude": 77.83668189970983,
    "notes": "Takes cash and major insurance providers."
  },
  {
    "id": "h002",
    "name": "Metro Health 2",
    "address": "14 Main Rd, Sector 3, Davangere",
    "city": "Davangere",
    "phone": "+91-80-1002-2002",
    "emergencyPhone": "+91-80-9002",
    "website": "https://www.examplehospital2.org",
    "specialties": [
      "Neurology",
      "Nephrology"
    ],
    "timings": "Mon-Sat 9:00 - 18:00",
    "beds": 274,
    "rating": 4.8,
    "latitude": 13.289437346750958,
    "longitude": 77.79175573385486,
    "notes": "Takes cash and major insurance providers."
  },
  {
    "id": "h003",
    "name": "City Care 3",
    "address": "21 Main Rd, Sector 4, Belagavi",
    "city": "Belagavi",
    "phone": "+91-80-1003-2003",
    "emergencyPhone": "+91-80-9003",
    "website": "https://www.examplehospital3.org",
    "specialties": [
      "Orthopedics",
      "Pediatrics"
    ],
    "timings": "Mon-Sat 9:00 - 18:00",
    "beds": 309,
    "rating": 4.3,
    "latitude": 13.07477851834797,
    "longitude": 77.59444771089933,
    "notes": "Takes cash and major insurance providers."
  },
  {
    "id": "h004",
    "name": "Community Care 4",
    "address": "28 Main Rd, Sector 5, Bengaluru",
    "city": "Bengaluru",
    "phone": "+91-80-1004-2004",
    "emergencyPhone": "+91-80-9004",
    "website": "https://www.examplehospital4.org",
    "specialties": [
      "Emergency Medicine",
      "Orthopedics"
    ],
    "timings": "24x7",
    "beds": 270,
    "rating": 4.6,
    "latitude": 12.974045777800871,
    "longitude": 77.56481717864855,
    "notes": "Takes cash and major insurance providers."
  },
  {
    "id": "h005",
    "name": "Green General 5",
    "address": "35 Main Rd, Sector 6, Dharwad",
    "city": "Dharwad",
    "phone": "+91-80-1005-2005",
    "emergencyPhone": "+91-80-9005",
    "website": "https://www.examplehospital5.org",
    "specialties": [
      "Gynecology",
      "Cardiology"
    ],
    "timings": "Mon-Sat 9:00 - 18:00",
    "beds": 481,
    "rating": 4.5,
    "latitude": 13.086545711571237,
    "longitude": 77.6253320209572,
    "notes": "Takes cash and major insurance providers."
  },
  {
    "id": "h006",
    "name": "Green Hospital & Research 6",
    "address": "42 Main Rd, Sector 7, Hubli",
    "city": "Hubli",
    "phone": "+91-80-1006-2006",
    "emergencyPhone": "+91-80-9006",
    "website": "https://www.examplehospital6.org",
    "specialties": [
      "Nephrology",
      "Neurology"
    ],
    "timings": "Mon-Sat 9:00 - 18:00",
    "beds": 396,
    "rating": 4.5,
    "latitude": 13.161179611038815,
    "longitude": 77.76022859878488,
    "notes": "Takes cash and major insurance providers."
  },
  {
    "id": "h007",
    "name": "Community Hospital & Research 7",
    "address": "49 Main Rd, Sector 8, Dharwad",
    "city": "Dharwad",
    "phone": "+91-80-1007-2007",
    "emergencyPhone": "+91-80-9007",
    "website": "https://www.examplehospital7.org",
    "specialties": [
      "Neurology",
      "Pediatrics"
    ],
    "timings": "Mon-Sat 9:00 - 18:00",
    "beds": 140,
    "rating": 3.6,
    "latitude": 12.92095705194507,
    "longitude": 77.67629257905602,
    "notes": "Takes cash and major insurance providers."
  },
  {
    "id": "h008",
    "name": "Life Health 8",
    "address": "56 Main Rd, Sector 9, Mysuru",
    "city": "Mysuru",
    "phone": "+91-80-1008-2008",
    "emergencyPhone": "+91-80-9008",
    "website": "https://www.examplehospital8.org",
    "specialties": [
      "Cardiology",
      "Gynecology"
    ],
    "timings": "Mon-Sat 9:00 - 18:00",
    "beds": 297,
    "rating": 5.0,
    "latitude": 13.187262819406065,
    "longitude": 77.7402080822366,
    "notes": "Takes cash and major insurance providers."
  },
  {
    "id": "h009",
    "name": "Metro Hospital 9",
    "address": "63 Main Rd, Sector 10, Ballari",
    "city": "Ballari",
    "phone": "+91-80-1009-2009",
    "emergencyPhone": "+91-80-9009",
    "website": "https://www.examplehospital9.org",
    "specialties": [
      "Nephrology",
      "Pediatrics"
    ],
    "timings": "Mon-Sat 9:00 - 18:00",
    "beds": 29,
    "rating": 4.3,
    "latitude": 12.966710203563995,
    "longitude": 77.60580811270401,
    "notes": "Takes cash and major insurance providers."
  },
  {
    "id": "h010",
    "name": "National Hospital & Research 10",
    "address": "70 Main Rd, Sector 1, Shimoga",
    "city": "Shimoga",
    "phone": "+91-80-1010-2010",
    "emergencyPhone": "+91-80-9010",
    "website": "https://www.examplehospital10.org",
    "specialties": [
      "Neurology",
      "Nephrology"
    ],
    "timings": "Mon-Sat 9:00 - 18:00",
    "beds": 105,
    "rating": 3.5,
    "latitude": 13.175530037940284,
    "longitude": 77.95527113133494,
    "notes": "Takes cash and major insurance providers."
  },
  {
    "id": "h011",
    "name": "Community Hospital & Research 11",
    "address": "77 Main Rd, Sector 2, Tumkur",
    "city": "Tumkur",
    "phone": "+91-80-1011-2011",
    "emergencyPhone": "+91-80-9011",
    "website": "https://www.examplehospital11.org",
    "specialties": [
      "Emergency Medicine",
      "Cardiology"
    ],
    "timings": "24x7",
    "beds": 154,
    "rating": 4.4,
    "latitude": 13.295932688769197,
    "longitude": 77.8464131635198,
    "notes": "Takes cash and major insurance providers."
  },
  {
    "id": "h012",
    "name": "St. Hospital & Research 12",
    "address": "84 Main Rd, Sector 3, Tumkur",
    "city": "Tumkur",
    "phone": "+91-80-1012-2012",
    "emergencyPhone": "+91-80-9012",
    "website": "https://www.examplehospital12.org",
    "specialties": [
      "Pediatrics",
      "Emergency Medicine"
    ],
    "timings": "24x7",
    "beds": 345,
    "rating": 3.6,
    "latitude": 13.002010753778942,
    "longitude": 77.64873357564728,
    "notes": "Takes cash and major insurance providers."
  },
  {
    "id": "h013",
    "name": "Metro Hospital 13",
    "address": "91 Main Rd, Sector 4, Ballari",
    "city": "Ballari",
    "phone": "+91-80-1013-2013",
    "emergencyPhone": "+91-80-9013",
    "website": "https://www.examplehospital13.org",
    "specialties": [
      "Gynecology",
      "Neurology"
    ],
    "timings": "Mon-Sat 9:00 - 18:00",
    "beds": 98,
    "rating": 4.4,
    "latitude": 13.078812478374905,
    "longitude": 77.84982817627464,
    "notes": "Takes cash and major insurance providers."
  },
  {
    "id": "h014",
    "name": "National Hospital & Research 14",
    "address": "98 Main Rd, Sector 5, Hubli",
    "city": "Hubli",
    "phone": "+91-80-1014-2014",
    "emergencyPhone": "+91-80-9014",
    "website": "https://www.examplehospital14.org",
    "specialties": [
      "General Medicine",
      "Nephrology"
    ],
    "timings": "Mon-Sat 9:00 - 18:00",
    "beds": 424,
    "rating": 4.8,
    "latitude": 13.36368740643316,
    "longitude": 77.85686624839289,
    "notes": "Takes cash and major insurance providers."
  },
  {
    "id": "h015",
    "name": "Metro Medical Centre 15",
    "address": "105 Main Rd, Sector 6, Tumkur",
    "city": "Tumkur",
    "phone": "+91-80-1015-2015",
    "emergencyPhone": "+91-80-9015",
    "website": "https://www.examplehospital15.org",
    "specialties": [
      "Pediatrics",
      "Emergency Medicine"
    ],
    "timings": "24x7",
    "beds": 161,
    "rating": 3.9,
    "latitude": 12.99918369400986,
    "longitude": 77.88662631332485,
    "notes": "Takes cash and major insurance providers."
  },
  {
    "id": "h016",
    "name": "Life General 16",
    "address": "112 Main Rd, Sector 7, Dharwad",
    "city": "Dharwad",
    "phone": "+91-80-1016-2016",
    "emergencyPhone": "+91-80-9016",
    "website": "https://www.examplehospital16.org",
    "specialties": [
      "Cardiology",
      "Pediatrics"
    ],
    "timings": "Mon-Sat 9:00 - 18:00",
    "beds": 222,
    "rating": 4.8,
    "latitude": 13.380772104749687,
    "longitude": 77.73526713956203,
    "notes": "Takes cash and major insurance providers."
  },
  {
    "id": "h017",
    "name": "City Hospital 17",
    "address": "119 Main Rd, Sector 8, Davangere",
    "city": "Davangere",
    "phone": "+91-80-1017-2017",
    "emergencyPhone": "+91-80-9017",
    "website": "https://www.examplehospital17.org",
    "specialties": [
      "Gynecology",
      "Nephrology"
    ],
    "timings": "Mon-Sat 9:00 - 18:00",
    "beds": 88,
    "rating": 4.1,
    "latitude": 13.365155954510703,
    "longitude": 77.9791875747171,
    "notes": "Takes cash and major insurance providers."
  },
  {
    "id": "h018",
    "name": "Metro Hospital 18",
    "address": "126 Main Rd, Sector 9, Bengaluru",
    "city": "Bengaluru",
    "phone": "+91-80-1018-2018",
    "emergencyPhone": "+91-80-9018",
    "website": "https://www.examplehospital18.org",
    "specialties": [
      "Emergency Medicine",
      "General Medicine"
    ],
    "timings": "24x7",
    "beds": 152,
    "rating": 4.7,
    "latitude": 13.201910245002113,
    "longitude": 77.60211789100082,
    "notes": "Takes cash and major insurance providers."
  },
  {
    "id": "h019",
    "name": "National Medical Centre 19",
    "address": "133 Main Rd, Sector 10, Shimoga",
    "city": "Shimoga",
    "phone": "+91-80-1019-2019",
    "emergencyPhone": "+91-80-9019",
    "website": "https://www.examplehospital19.org",
    "specialties": [
      "Cardiology",
      "Pediatrics"
    ],
    "timings": "Mon-Sat 9:00 - 18:00",
    "beds": 144,
    "rating": 4.2,
    "latitude": 13.287357000491536,
    "longitude": 77.7405765760619,
    "notes": "Takes cash and major insurance providers."
  },
  {
    "id": "h020",
    "name": "National Medical Centre 20",
    "address": "140 Main Rd, Sector 1, Tumkur",
    "city": "Tumkur",
    "phone": "+91-80-1020-2020",
    "emergencyPhone": "+91-80-9020",
    "website": "https://www.examplehospital20.org",
    "specialties": [
      "Pediatrics",
      "Cardiology"
    ],
    "timings": "Mon-Sat 9:00 - 18:00",
    "beds": 168,
    "rating": 4.8,
    "latitude": 13.381439576742226,
    "longitude": 77.52238627682338,
    "notes": "Takes cash and major insurance providers."
  },
  {
    "id": "h021",
    "name": "Green Hospital & Research 21",
    "address": "147 Main Rd, Sector 2, Davangere",
    "city": "Davangere",
    "phone": "+91-80-1021-2021",
    "emergencyPhone": "+91-80-9021",
    "website": "https://www.examplehospital21.org",
    "specialties": [
      "General Medicine",
      "Cardiology"
    ],
    "timings": "Mon-Sat 9:00 - 18:00",
    "beds": 468,
    "rating": 4.0,
    "latitude": 13.265691888088158,
    "longitude": 77.55217172550527,
    "notes": "Takes cash and major insurance providers."
  },
  {
    "id": "h022",
    "name": "City Hospital 22",
    "address": "154 Main Rd, Sector 3, Shimoga",
    "city": "Shimoga",
    "phone": "+91-80-1022-2022",
    "emergencyPhone": "+91-80-9022",
    "website": "https://www.examplehospital22.org",
    "specialties": [
      "Nephrology",
      "Gynecology"
    ],
    "timings": "Mon-Sat 9:00 - 18:00",
    "beds": 291,
    "rating": 4.4,
    "latitude": 13.365792695342003,
    "longitude": 77.69314775488779,
    "notes": "Takes cash and major insurance providers."
  },
  {
    "id": "h023",
    "name": "Green Care 23",
    "address": "161 Main Rd, Sector 4, Bengaluru",
    "city": "Bengaluru",
    "phone": "+91-80-1023-2023",
    "emergencyPhone": "+91-80-9023",
    "website": "https://www.examplehospital23.org",
    "specialties": [
      "Pediatrics",
      "Cardiology"
    ],
    "timings": "Mon-Sat 9:00 - 18:00",
    "beds": 160,
    "rating": 3.8,
    "latitude": 13.397233886234755,
    "longitude": 77.5599432187959,
    "notes": "Takes cash and major insurance providers."
  },
  {
    "id": "h024",
    "name": "City Hospital & Research 24",
    "address": "168 Main Rd, Sector 5, Dharwad",
    "city": "Dharwad",
    "phone": "+91-80-1024-2024",
    "emergencyPhone": "+91-80-9024",
    "website": "https://www.examplehospital24.org",
    "specialties": [
      "Nephrology",
      "Pediatrics"
    ],
    "timings": "Mon-Sat 9:00 - 18:00",
    "beds": 298,
    "rating": 4.8,
    "latitude": 13.172495493747046,
    "longitude": 77.81299355615212,
    "notes": "Takes cash and major insurance providers."
  },
  {
    "id": "h025",
    "name": "Community Health 25",
    "address": "175 Main Rd, Sector 6, Shimoga",
    "city": "Shimoga",
    "phone": "+91-80-1025-2025",
    "emergencyPhone": "+91-80-9025",
    "website": "https://www.examplehospital25.org",
    "specialties": [
      "Neurology",
      "Emergency Medicine"
    ],
    "timings": "24x7",
    "beds": 106,
    "rating": 4.6,
    "latitude": 13.27818820969374,
    "longitude": 77.63787692889866,
    "notes": "Takes cash and major insurance providers."
  },
  {
    "id": "h026",
    "name": "St. Care 26",
    "address": "182 Main Rd, Sector 7, Davangere",
    "city": "Davangere",
    "phone": "+91-80-1026-2026",
    "emergencyPhone": "+91-80-9026",
    "website": "https://www.examplehospital26.org",
    "specialties": [
      "General Medicine",
      "Gynecology"
    ],
    "timings": "Mon-Sat 9:00 - 18:00",
    "beds": 346,
    "rating": 3.8,
    "latitude": 13.355552977454032,
    "longitude": 77.93442298668926,
    "notes": "Takes cash and major insurance providers."
  },
  {
    "id": "h027",
    "name": "City Medical Centre 27",
    "address": "189 Main Rd, Sector 8, Shimoga",
    "city": "Shimoga",
    "phone": "+91-80-1027-2027",
    "emergencyPhone": "+91-80-9027",
    "website": "https://www.examplehospital27.org",
    "specialties": [
      "Gynecology",
      "General Medicine"
    ],
    "timings": "Mon-Sat 9:00 - 18:00",
    "beds": 309,
    "rating": 3.5,
    "latitude": 13.080108060795066,
    "longitude": 77.68579719175747,
    "notes": "Takes cash and major insurance providers."
  },
  {
    "id": "h028",
    "name": "Community Hospital & Research 28",
    "address": "196 Main Rd, Sector 9, Tumkur",
    "city": "Tumkur",
    "phone": "+91-80-1028-2028",
    "emergencyPhone": "+91-80-9028",
    "website": "https://www.examplehospital28.org",
    "specialties": [
      "General Medicine",
      "Nephrology"
    ],
    "timings": "Mon-Sat 9:00 - 18:00",
    "beds": 81,
    "rating": 3.7,
    "latitude": 13.282593252711726,
    "longitude": 77.80521108249631,
    "notes": "Takes cash and major insurance providers."
  },
  {
    "id": "h029",
    "name": "National Hospital & Research 29",
    "address": "203 Main Rd, Sector 10, Belagavi",
    "city": "Belagavi",
    "phone": "+91-80-1029-2029",
    "emergencyPhone": "+91-80-9029",
    "website": "https://www.examplehospital29.org",
    "specialties": [
      "Emergency Medicine",
      "Orthopedics"
    ],
    "timings": "24x7",
    "beds": 197,
    "rating": 3.6,
    "latitude": 13.12125667845838,
    "longitude": 77.84670633784556,
    "notes": "Takes cash and major insurance providers."
  },
  {
    "id": "h030",
    "name": "Life Care 30",
    "address": "210 Main Rd, Sector 1, Mysuru",
    "city": "Mysuru",
    "phone": "+91-80-1030-2030",
    "emergencyPhone": "+91-80-9030",
    "website": "https://www.examplehospital30.org",
    "specialties": [
      "Pediatrics",
      "Cardiology"
    ],
    "timings": "Mon-Sat 9:00 - 18:00",
    "beds": 99,
    "rating": 4.3,
    "latitude": 13.393274029696613,
    "longitude": 77.79813997794636,
    "notes": "Takes cash and major insurance providers."
  }
]